"","for_mat_baa","for_mat_prop","fw_a_a"
"1",4146.78,0.0824555,74.8528
"2",39248.5,0.656775,88.9455
"3",2028.68,0.026621,113.424
"4",9480.56,0.099997,141.112
"5",1718.85,0.0161505,158.405
"6",14467.9,0.118001,182.489
